{
  "project_info": {
    "project_number": "1026716261136",
    "firebase_url": "https://kissan-mart.firebaseio.com",
    "project_id": "kissan-mart",
    "storage_bucket": "kissan-mart.appspot.com"
  },
  "client": [
    {
      "client_info": {
        "mobilesdk_app_id": "1:1026716261136:android:cf86efd12a279b6f",
        "android_client_info": {
          "package_name": "com.example.rajendra.kissanmart"
        }
      },
      "oauth_client": [
        {
          "client_id": "1026716261136-loqdknku34r7nfdq07raah63lvc1c53l.apps.googleusercontent.com",
          "client_type": 1,
          "android_info": {
            "package_name": "com.example.rajendra.kissanmart",
            "certificate_hash": "1bf65c256e54bb16ede2fd78fee33efe8fd4369b"
          }
        },
        {
          "client_id": "1026716261136-58vrcd6e99me7ag7rsv39u5qqadqkll3.apps.googleusercontent.com",
          "client_type": 3
        }
      ],
      "api_key": [
        {
          "current_key": "AIzaSyDZTxi-o9yQYk9WN6cMoYqI8vsF2cOaxmM"
        }
      ],
      "services": {
        "analytics_service": {
          "status": 1
        },
        "appinvite_service": {
          "status": 2,
          "other_platform_oauth_client": [
            {
              "client_id": "1026716261136-58vrcd6e99me7ag7rsv39u5qqadqkll3.apps.googleusercontent.com",
              "client_type": 3
            }
          ]
        },
        "ads_service": {
          "status": 2
        }
      }
    }
  ],
  "configuration_version": "1"
}